SNP,ALF_GWAS,REF_GWAS,SE_GWAS,BETA_GWAS,P_GWAS,CHR_GWAS,POS_GWAS,chr_QTL,pos_QTL,ALT_QTL,REF_QTL,gene_QTL,beta_QTL,t-stat_QTL,p-value_QTL,SE_QTL
rs73198075,G,A,7.08136e-05,-0.000360677,3.52030262923416e-07,4,6132208,4,6132208,G,A,JAKMIP1,0.76,4.014547296886438,5.956e-05,0.1893115073247319
rs111803230,A,C,7.12907e-05,-0.00036741,2.55564190106414e-07,4,6134195,4,6134195,A,C,JAKMIP1,0.78,4.099468513536284,4.141e-05,0.1902685671141199
rs73198078,G,C,7.06897e-05,-0.000331753,2.69215462407529e-06,4,6135540,4,6135540,G,C,JAKMIP1,0.78,4.099468513536284,4.141e-05,0.1902685671141199
rs34001692,A,G,6.42425e-05,5.36773e-05,0.403413102866309,4,6176210,4,6176210,A,G,C4orf50,0.76,4.798823952687069,1.596e-06,0.158372136067722
rs34001692,A,G,6.42425e-05,5.36773e-05,0.403413102866309,4,6176210,4,6176210,A,G,JAKMIP1,0.69,4.523866612435441,6.072e-06,0.152524390994043
rs34111900,T,C,6.49385e-05,5.65364e-05,0.383966203781502,4,6176399,4,6176399,A,C,C4orf50,0.75,4.496442053424243,6.91e-06,0.166798546737379
rs34111900,T,C,6.49385e-05,5.65364e-05,0.383966203781502,4,6176399,4,6176399,A,C,JAKMIP1,0.66,4.103128904180297,4.076e-05,0.16085285532404
rs11733902,T,C,5.8381e-05,-2.11135e-05,0.71761416059166,4,6176518,4,6176518,A,C,C4orf50,-0.76,-5.579075700212552,2.418e-08,0.1362232815681359
rs11733902,T,C,5.8381e-05,-2.11135e-05,0.71761416059166,4,6176518,4,6176518,A,C,JAKMIP1,-0.73,-5.6035545366961,2.1e-08,0.130274452620999
rs10026923,T,C,5.83512e-05,-1.99584e-05,0.732320176913743,4,6176562,4,6176562,A,C,C4orf50,-0.73,-5.40510621378832,6.477e-08,0.1350574754919309
rs10026923,T,C,5.83512e-05,-1.99584e-05,0.732320176913743,4,6176562,4,6176562,A,C,JAKMIP1,-0.68,-5.285152618824793,1.256e-07,0.128662320474523
rs10026925,T,C,5.90829e-05,3.15717e-05,0.593090544177728,4,6176563,4,6176563,T,C,C4orf50,0.67,4.601479723984323,4.195e-06,0.14560533571576
rs10026925,T,C,5.90829e-05,3.15717e-05,0.593090544177728,4,6176563,4,6176563,T,C,JAKMIP1,0.57,4.04154583173676,5.31e-05,0.141035144405391
rs4689355,T,C,5.86489e-05,3.25689e-05,0.578675372663842,4,6177135,4,6177135,G,C,C4orf50,0.66,4.599798404581539,4.229e-06,0.143484549092982
rs4689355,T,C,5.86489e-05,3.25689e-05,0.578675372663842,4,6177135,4,6177135,G,C,JAKMIP1,0.63,4.595844522366211,4.31e-06,0.137080355293577
